Fraction,Source File,Feature,Peptide,Scan,Tag Length,Denovo Score,ALC (%),length,m/z,z,RT,Predict RT,Area,Mass,ppm,PTM,local confidence (%),tag (>=0%),mode
6,NC-DeNovo.raw,4350,M(+15.99)C(+57.02)ESLVNR,356,8,95,95,8,512.7306,2,1.29,-,3.4332E4,1023.4478,-1.1,Oxidation (M); Carbamidomethylation,87 95 100 98 99 98 94 90,M(+15.99)C(+57.02)ESLVNR,CID
6,NC-DeNovo.raw,7195,YTFAFGGNNSDK,7587,12,94,94,12,660.7972,2,18.23,-,1.1994E8,1319.5781,1.3,,98 99 100 100 99 97 95 94 88 86 85 95,YTFAFGGNNSDK,CID
6,NC-DeNovo.raw,-,VGLPLSYK,4501,8,94,94,8,438.7647,2,12.56,-,0,875.5116,3.8,,99 97 99 99 99 99 98 65,VGLPLSYK,CID
6,NC-DeNovo.raw,-,A(+42.01)PLNYK,3817,6,94,94,6,374.2072,2,11.46,-,0,746.3962,4.8,Acetylation (N-term),98 98 99 98 95 75,A(+42.01)PLNYK,CID
6,NC-DeNovo.raw,-,G(+42.01)GLPLNYK,4101,8,93,93,8,452.2481,2,11.91,-,0,902.4861,-5.0,Acetylation (N-term),99 97 99 98 99 98 98 62,G(+42.01)GLPLNYK,CID
6,NC-DeNovo.raw,3502,VGGLPLSYK,3667,9,93,93,9,467.2784,2,11.16,-,2.5528E6,932.5331,9.7,,99 98 97 100 98 99 95 97 60,VGGLPLSYK,CID
6,NC-DeNovo.raw,-,QLQLAGNPPR,4270,10,93,93,10,547.3117,2,12.17,-,0,1092.6040,4.4,,67 90 97 99 99 97 99 95 96 92,QLQLAGNPPR,CID
6,NC-DeNovo.raw,-,L(+42.01)GLPLSYK,3587,8,92,92,8,466.7776,2,11.08,-,0,931.5378,3.0,Acetylation (N-term),98 96 98 97 99 91 93 62,L(+42.01)GLPLSYK,CID
6,NC-DeNovo.raw,2910,G(+42.01)GLPLLHK,3362,8,91,91,8,438.7682,2,10.74,-,1.6341E5,875.5229,-1.1,Acetylation (N-term),98 97 99 98 99 96 92 51,G(+42.01)GLPLLHK,CID
6,NC-DeNovo.raw,-,L(+42.01)LPLNNYK,3650,8,91,91,8,508.7946,2,11.19,-,0,1015.5702,4.4,Acetylation (N-term),79 99 98 99 98 98 98 60,L(+42.01)LPLNNYK,CID
6,NC-DeNovo.raw,-,RLPLNYK,4140,7,91,91,7,452.2741,2,11.97,-,0,902.5338,-0.2,,97 99 99 99 97 94 51,RLPLNYK,CID
6,NC-DeNovo.raw,3200,RLPLNYK,3821,7,90,90,7,452.2739,2,11.48,-,7.2323E8,902.5338,-0.5,,97 99 98 99 98 94 51,RLPLNYK,CID
6,NC-DeNovo.raw,2911,RLPLSYK,4195,7,90,90,7,438.7686,2,11.78,-,5.473E8,875.5228,-0.3,,97 99 98 99 97 93 50,RLPLSYK,CID
6,NC-DeNovo.raw,-,ELAGKHK,4153,7,90,90,7,391.7323,2,11.99,-,0,781.4446,7.1,,99 99 99 96 97 92 49,ELAGKHK,CID
6,NC-DeNovo.raw,-,L(+42.01)LPLSYK,3902,7,90,90,7,438.2660,2,11.59,-,0,874.5164,1.2,Acetylation (N-term),79 99 98 99 98 96 61,L(+42.01)LPLSYK,CID
6,NC-DeNovo.raw,-,L(+42.01)LPLNYK,4217,7,90,90,7,451.7727,2,12.09,-,0,901.5273,4.0,Acetylation (N-term),79 99 98 99 98 96 61,L(+42.01)LPLNYK,CID
6,NC-DeNovo.raw,819,VGLPLSR,3943,7,90,90,7,371.2332,2,11.69,-,4.099E5,740.4545,-3.7,,98 97 99 97 99 95 48,VGLPLSR,CID
6,NC-DeNovo.raw,-,L(+42.01)LPLNYK,3898,7,90,90,7,451.7734,2,11.59,-,0,901.5273,5.5,Acetylation (N-term),79 99 98 99 98 96 61,L(+42.01)LPLNYK,CID
6,NC-DeNovo.raw,-,L(+42.01)LPLSYK,4534,7,90,90,7,438.2688,2,12.62,-,0,874.5164,7.7,Acetylation (N-term),79 99 98 99 98 96 61,L(+42.01)LPLSYK,CID
6,NC-DeNovo.raw,819,VGLPLSR,3944,7,90,90,7,371.2332,2,11.69,-,4.099E5,740.4545,-3.7,,98 96 99 97 99 95 46,VGLPLSR,CID
6,NC-DeNovo.raw,819,VGLPLSR,3965,7,90,90,7,371.2332,2,11.69,-,4.099E5,740.4545,-3.7,,98 96 99 97 99 95 46,VGLPLSR,CID
6,NC-DeNovo.raw,819,VGLPLSR,3924,7,90,90,7,371.2332,2,11.69,-,4.099E5,740.4545,-3.7,,98 96 99 97 99 95 46,VGLPLSR,CID
6,NC-DeNovo.raw,-,L(+42.01)LPLSYK,4229,7,90,90,7,438.2678,2,12.11,-,0,874.5164,5.4,Acetylation (N-term),79 99 98 99 98 96 61,L(+42.01)LPLSYK,CID
6,NC-DeNovo.raw,-,A(+42.01)EKHEYDK,4050,8,90,90,8,354.5032,3,11.83,-,0,1060.4824,5.0,Acetylation (N-term),96 99 90 88 98 72 86 90,A(+42.01)EKHEYDK,CID
6,NC-DeNovo.raw,1596,QLAGPPAK,4153,8,89,89,8,391.2308,2,11.90,-,6.9508E5,780.4493,-2.8,,95 99 99 97 98 89 90 51,QLAGPPAK,CID
6,NC-DeNovo.raw,-,L(+42.01)AVPLNYK,3442,8,89,89,8,480.2835,2,10.82,-,0,958.5488,3.9,Acetylation (N-term),90 66 73 97 99 97 97 98,L(+42.01)AVPLNYK,CID
6,NC-DeNovo.raw,-,L(+42.01)LPLNYK,3589,7,89,89,7,451.7720,2,11.08,-,0,901.5273,2.5,Acetylation (N-term),78 99 98 99 98 95 59,L(+42.01)LPLNYK,CID
6,NC-DeNovo.raw,-,RLPLNYK,4452,7,89,89,7,452.2745,2,12.48,-,0,902.5338,0.8,,96 98 97 99 98 92 46,RLPLNYK,CID
6,NC-DeNovo.raw,3894,VAGLVKMEK,3713,9,89,89,9,487.7920,2,11.35,-,4.5369E5,973.5630,6.6,,95 95 92 99 81 68 88 96 91,VAGLVKMEK,CID
6,NC-DeNovo.raw,819,VGLPLSR,3913,7,89,89,7,371.2332,2,11.69,-,4.099E5,740.4545,-3.7,,98 95 99 97 98 94 44,VGLPLSR,CID
6,NC-DeNovo.raw,3787,N(+42.01)LPLLSHK,4125,8,89,89,8,482.2842,2,11.83,-,4.8031E6,962.5549,-1.1,Acetylation (N-term),82 90 98 99 99 99 96 50,N(+42.01)LPLLSHK,CID
6,NC-DeNovo.raw,-,DLLPYK,3829,6,88,88,6,374.7178,2,11.47,-,0,747.4167,5.8,,96 98 98 95 93 51,DLLPYK,CID
6,NC-DeNovo.raw,-,LEQLAGPPAK,4530,10,88,88,10,512.2944,2,12.61,-,0,1022.5760,-1.6,,98 100 100 99 99 97 87 77 68 61,LEQLAGPPAK,CID
6,NC-DeNovo.raw,1596,QLAGPPAK,4174,8,88,88,8,391.2308,2,11.90,-,6.9508E5,780.4493,-2.8,,90 99 99 97 98 89 89 49,QLAGPPAK,CID
6,NC-DeNovo.raw,-,A(+42.01)RPLSSYK,4082,8,88,88,8,482.2684,2,11.88,-,0,962.5185,3.8,Acetylation (N-term),94 92 96 98 96 96 95 40,A(+42.01)RPLSSYK,CID
6,NC-DeNovo.raw,-,RLPLNYK,4703,7,88,88,7,452.2745,2,12.98,-,0,902.5338,0.9,,96 98 97 98 95 91 43,RLPLNYK,CID
6,NC-DeNovo.raw,3600,VGLPLYKR,5664,8,88,88,8,473.2977,2,14.77,-,8.1781E5,944.5807,0.2,,98 95 98 97 98 67 79 71,VGLPLYKR,CID
6,NC-DeNovo.raw,7195,YTFAFGGNDNSK,7906,12,88,88,12,660.7972,2,18.23,-,1.1994E8,1319.5781,1.3,,97 99 100 98 99 96 92 88 67 63 70 87,YTFAFGGNDNSK,CID
6,NC-DeNovo.raw,3213,RLPLDYK,4448,7,87,87,7,452.7670,2,12.51,-,1.4642E5,903.5178,1.9,,93 97 96 98 97 91 43,RLPLDYK,CID
6,NC-DeNovo.raw,3835,M(+42.01)VPLEAHK,4091,8,87,87,8,483.7548,2,11.88,-,8.7981E4,965.5004,-5.7,Acetylation (N-term),63 70 90 98 98 95 95 90,M(+42.01)VPLEAHK,CID
6,NC-DeNovo.raw,-,G(+42.01)YFAFGGNVGC(+57.02)K,7560,12,87,87,12,659.7951,2,18.12,-,0,1317.5811,-4.1,Acetylation (N-term); Carbamidomethylation,70 76 97 98 98 95 92 93 91 59 81 92,G(+42.01)YFAFGGNVGC(+57.02)K,CID
6,NC-DeNovo.raw,2828,TYM(+15.99)LTAR,6248,7,87,87,7,436.2207,2,15.91,-,3.7285E4,870.4269,0.0,Oxidation (M),65 73 96 98 97 92 88,TYM(+15.99)LTAR,CID
6,NC-DeNovo.raw,4366,LEELAGPPAK,4633,10,86,86,10,512.7863,2,12.85,-,1.1194E6,1023.5600,-2.0,,98 100 100 100 98 93 88 77 67 45,LEELAGPPAK,CID
6,NC-DeNovo.raw,3835,M(+42.01)VPLSSYK,4063,8,86,86,8,483.7548,2,11.88,-,8.7981E4,965.4892,6.0,Acetylation (N-term),74 81 97 99 97 97 95 46,M(+42.01)VPLSSYK,CID
6,NC-DeNovo.raw,4913,HELPVRTTK,3433,9,86,86,9,540.8120,2,10.63,-,6.7197E7,1079.6086,0.8,,98 100 100 99 98 73 66 78 60,HELPVRTTK,CID
6,NC-DeNovo.raw,-,GPLPRAYK,3760,8,85,85,8,451.2703,2,11.37,-,0,900.5181,8.9,,90 93 98 95 61 71 91 85,GPLPRAYK,CID
6,NC-DeNovo.raw,-,LHLLSYK,4011,7,85,85,7,437.2642,2,11.77,-,0,872.5120,2.2,,74 85 94 99 95 88 61,LHLLSYK,CID
6,NC-DeNovo.raw,2906,LRPLSYK,5572,7,84,84,7,438.7675,2,15.50,-,9.4392E5,875.5228,-2.7,,86 87 96 98 96 90 39,LRPLSYK,CID
6,NC-DeNovo.raw,4299,LEQLAGPPAK,4228,10,84,84,10,512.2941,2,11.88,-,5.6112E8,1022.5760,-2.2,,98 100 100 99 99 96 81 67 60 48,LEQLAGPPAK,CID
6,NC-DeNovo.raw,3894,VAGLPPVGHK,3725,10,84,84,10,487.7920,2,11.35,-,4.5369E5,973.5709,-1.5,,96 97 96 100 96 61 50 82 87 81,VAGLPPVGHK,CID
6,NC-DeNovo.raw,-,LEQLAGPPAK,4843,10,83,83,10,512.2944,2,13.31,-,0,1022.5760,-1.6,,98 100 100 99 98 93 72 62 57 56,LEQLAGPPAK,CID
6,NC-DeNovo.raw,3894,VAGLPPVGHK,3720,10,83,83,10,487.7920,2,11.35,-,4.5369E5,973.5709,-1.5,,94 95 94 98 95 59 49 72 90 88,VAGLPPVGHK,CID
6,NC-DeNovo.raw,1596,QLAGPPAK,4046,8,83,83,8,391.2308,2,11.90,-,6.9508E5,780.4493,-2.8,,95 99 100 96 90 65 70 50,QLAGPPAK,CID
6,NC-DeNovo.raw,-,T(+42.01)PQLAGPPAK,4056,10,83,83,10,511.2911,2,11.84,-,0,1020.5604,7.2,Acetylation (N-term),93 90 98 98 97 90 78 63 57 63,T(+42.01)PQLAGPPAK,CID
6,NC-DeNovo.raw,-,LQQLAGHQK,4316,9,82,82,9,511.7931,2,12.25,-,0,1021.5668,4.6,,71 66 97 99 98 94 52 74 92,LQQLAGHQK,CID
6,NC-DeNovo.raw,-,QC(+57.02)PLPYK,4130,7,82,82,7,453.2332,2,11.95,-,0,904.4476,4.7,Carbamidomethylation,80 86 94 98 89 85 46,QC(+57.02)PLPYK,CID
6,NC-DeNovo.raw,4370,NEQLAPKPK,4845,9,82,82,9,512.7971,2,13.43,-,5.6738E5,1023.5712,8.3,,88 100 97 99 98 77 87 50 46,NEQLAPKPK,CID
6,NC-DeNovo.raw,-,W(+42.01)LPPVGHK,3713,8,82,82,8,488.2740,2,11.29,-,0,974.5338,-0.2,Acetylation (N-term),61 97 95 66 67 79 96 93,W(+42.01)LPPVGHK,CID
6,NC-DeNovo.raw,865,SKREPK,5583,6,82,82,6,372.7209,2,14.21,-,3.1369E5,743.4290,-2.3,,74 81 97 85 62 91,SKREPK,CID
6,NC-DeNovo.raw,-,L(+42.01)LPLRYK,5664,7,82,82,7,472.7968,2,14.73,-,0,943.5854,-6.7,Acetylation (N-term),71 99 98 99 59 71 76,L(+42.01)LPLRYK,CID
6,NC-DeNovo.raw,-,R(+42.01)FAM(+15.99)GNFPTR,6988,10,81,81,10,627.8073,2,17.21,-,0,1253.5974,2.0,Acetylation (N-term); Oxidation (M),84 96 97 96 86 86 78 49 66 79,R(+42.01)FAM(+15.99)GNFPTR,CID
6,NC-DeNovo.raw,4125,LELFEEVK,4035,8,81,81,8,503.7806,2,11.88,-,5.1105E5,1005.5382,8.4,,86 92 62 52 91 92 90 86,LELFEEVK,CID
6,NC-DeNovo.raw,-,HKPLNYK,3946,7,81,81,7,450.2618,2,11.66,-,0,898.5024,7.4,,90 92 96 97 75 82 35,HKPLNYK,CID
6,NC-DeNovo.raw,865,SKREPK,5565,6,81,81,6,372.7209,2,14.21,-,3.1369E5,743.4290,-2.3,,74 79 96 85 63 88,SKREPK,CID
6,NC-DeNovo.raw,-,EPMSQK,4031,6,81,81,6,360.1719,2,11.80,-,0,718.3320,-3.7,,98 86 85 69 57 91,EPMSQK,CID
6,NC-DeNovo.raw,-,LGLPLMTR,3818,8,81,81,8,450.7711,2,11.46,-,0,899.5262,1.5,,82 65 85 86 94 63 83 87,LGLPLMTR,CID
6,NC-DeNovo.raw,2914,G(+42.01)AVPLLHK,377,8,80,80,8,438.7686,2,1.31,-,4.7698E4,875.5229,-0.3,Acetylation (N-term),89 62 67 97 99 94 86 48,G(+42.01)AVPLLHK,CID
6,NC-DeNovo.raw,4043,LEQLAPPTK,4230,9,80,80,9,498.7888,2,12.19,-,4.1523E5,995.5651,-2.0,,98 99 98 99 98 78 51 55 43,LEQLAPPTK,CID
6,NC-DeNovo.raw,1348,VAVPLNR,3702,7,79,79,7,384.7394,2,11.55,-,3.2878E6,767.4653,-1.5,,85 51 63 91 96 83 88,VAVPLNR,CID
6,NC-DeNovo.raw,12244,NDGTLLNLYLLRPDVR,20612,16,79,79,16,936.5143,2,42.28,-,9.5536E6,1871.0264,-6.6,,59 56 67 86 99 97 96 97 96 82 73 45 49 96 91 79,NDGTLLNLYLLRPDVR,CID
6,NC-DeNovo.raw,-,G(+42.01)AVPLLHK,4732,8,79,79,8,438.7690,2,13.06,-,0,875.5229,0.6,Acetylation (N-term),94 59 62 96 98 95 89 41,G(+42.01)AVPLLHK,CID
6,NC-DeNovo.raw,865,SKREPK,5579,6,79,79,6,372.7209,2,14.21,-,3.1369E5,743.4290,-2.3,,65 74 98 84 66 89,SKREPK,CID
6,NC-DeNovo.raw,4370,NEKLAGPPAK,4843,10,79,79,10,512.7971,2,13.43,-,5.6738E5,1023.5712,8.3,,90 100 98 99 98 89 63 56 55 43,NEKLAGPPAK,CID
6,NC-DeNovo.raw,-,LQQLAGHQK,3988,9,79,79,9,511.7917,2,11.73,-,0,1021.5668,2.1,,60 55 92 99 98 82 70 70 87,LQQLAGHQK,CID
6,NC-DeNovo.raw,2999,AAKPLVC(+57.02)K,3847,8,79,79,8,443.7607,2,11.46,-,1.353E5,885.5106,-4.1,Carbamidomethylation,78 90 92 94 94 35 61 90,AAKPLVC(+57.02)K,CID
6,NC-DeNovo.raw,-,HQLPVLASSK,3434,10,79,79,10,540.3112,2,10.81,-,0,1078.6135,-5.2,,88 87 99 96 97 98 50 67 59 48,HQLPVLASSK,CID
6,NC-DeNovo.raw,-,A(+42.01)QQLAGKHK,4605,9,79,79,9,511.7936,2,12.75,-,0,1021.5668,5.7,Acetylation (N-term),67 65 97 99 98 95 75 76 39,A(+42.01)QQLAGKHK,CID
6,NC-DeNovo.raw,-,V(+42.01)PQLAGHKK,4367,9,79,79,9,510.3040,2,12.33,-,0,1018.5923,1.1,Acetylation (N-term),90 86 96 98 96 85 63 68 28,V(+42.01)PQLAGHKK,CID
6,NC-DeNovo.raw,865,SKREPK,5541,6,78,78,6,372.7209,2,14.21,-,3.1369E5,743.4290,-2.3,,71 77 94 84 60 85,SKREPK,CID
6,NC-DeNovo.raw,5175,FM(+15.99)LPVLSASK,5269,10,78,78,10,554.8101,2,14.26,-,5.7819E6,1107.5999,5.2,Oxidation (M),80 85 100 99 99 95 50 65 59 46,FM(+15.99)LPVLSASK,CID
6,NC-DeNovo.raw,12308,NDGTLLNLYPLAKPDVR,19644,17,77,77,17,950.0184,2,40.82,-,2.5263E7,1898.0261,-2.0,,81 83 95 98 99 99 96 97 94 29 40 51 46 46 96 91 78,NDGTLLNLYPLAKPDVR,CID
6,NC-DeNovo.raw,-,QLALYR,4069,6,77,77,6,382.2252,2,11.86,-,0,762.4388,-3.8,,81 91 91 77 67 57,QLALYR,CID
6,NC-DeNovo.raw,-,C(+57.02)LPLLSHK,4065,8,77,77,8,484.2755,2,11.85,-,0,966.5320,4.6,Carbamidomethylation,49 62 92 99 99 97 92 31,C(+57.02)LPLLSHK,CID
6,NC-DeNovo.raw,-,QLQLAFFR,4845,8,77,77,8,511.7935,2,13.31,-,0,1021.5709,1.6,,43 57 93 98 97 71 85 71,QLQLAFFR,CID
6,NC-DeNovo.raw,3161,TAVPLNQR,3933,8,77,77,8,449.7591,2,11.78,-,2.9129E6,897.5032,0.5,,70 62 70 95 95 59 77 89,TAVPLNQR,CID
6,NC-DeNovo.raw,4600,LFQLAYYK,4032,8,77,77,8,523.2847,2,11.90,-,3.7034E6,1044.5645,-9.1,,88 84 91 97 84 62 74 35,LFQLAYYK,CID
6,NC-DeNovo.raw,7383,YTFAFC(+57.02)C(+57.02)PLR,7667,10,77,77,10,667.8037,2,18.32,-,8.4223E4,1333.5947,-1.4,Carbamidomethylation,63 67 96 97 96 87 61 50 73 76,YTFAFC(+57.02)C(+57.02)PLR,CID
6,NC-DeNovo.raw,-,D(+42.01)FMSLVNR,3165,8,76,76,8,512.2457,2,10.34,-,0,1022.4855,-8.6,Acetylation (N-term),65 69 95 97 96 43 66 83,D(+42.01)FMSLVNR,CID
6,NC-DeNovo.raw,4369,NEQLAPKPK,5740,9,76,76,9,512.7964,2,15.49,-,3.0665E5,1023.5712,7.0,,86 99 96 99 97 62 77 37 37,NEQLAPKPK,CID
6,NC-DeNovo.raw,-,YTFAFEAPC(+57.02)SK,8229,11,76,76,11,660.7974,2,19.19,-,0,1319.5857,-4.2,Carbamidomethylation,95 98 97 97 95 66 37 25 66 76 85,YTFAFEAPC(+57.02)SK,CID
6,NC-DeNovo.raw,-,VGLPYARK,4918,8,76,76,8,452.2747,2,13.49,-,0,902.5338,1.1,,90 62 88 96 89 59 62 62,VGLPYARK,CID
6,NC-DeNovo.raw,-,LQQLAAHSK,4287,9,76,76,9,498.2882,2,12.20,-,0,994.5560,6.0,,61 62 96 99 98 94 61 70 41,LQQLAAHSK,CID
6,NC-DeNovo.raw,7195,YTFAFGNGSNSR,7464,12,76,76,12,660.7972,2,18.23,-,1.1994E8,1319.5894,-7.2,,96 98 98 98 98 93 50 30 59 52 63 72,YTFAFGNGSNSR,CID
6,NC-DeNovo.raw,3600,VAVPLKYR,5634,8,75,75,8,473.2977,2,14.77,-,8.1781E5,944.5807,0.2,,85 59 68 96 98 56 75 67,VAVPLKYR,CID
6,NC-DeNovo.raw,-,G(+42.01)AVPLLHK,4952,8,75,75,8,438.7690,2,13.57,-,0,875.5229,0.5,Acetylation (N-term),85 51 55 95 98 93 86 38,G(+42.01)AVPLLHK,CID
6,NC-DeNovo.raw,3894,VAGLFQALR,3778,9,75,75,9,487.7920,2,11.35,-,4.5369E5,973.5709,-1.5,,96 97 93 99 99 67 34 59 31,VAGLFQALR,CID
6,NC-DeNovo.raw,3836,LEQLAPPAK,4197,9,75,75,9,483.7831,2,12.12,-,4.3589E5,965.5545,-2.9,,97 99 99 99 97 67 37 45 34,LEQLAPPAK,CID
6,NC-DeNovo.raw,-,TYLPVLASSK,3274,10,74,74,10,539.8112,2,10.55,-,0,1077.6069,0.9,,86 92 98 95 96 96 39 56 49 38,TYLPVLASSK,CID
6,NC-DeNovo.raw,-,FFVGQGFMK,4112,9,74,74,9,530.7654,2,11.92,-,0,1059.5212,-4.6,,62 59 62 91 89 82 70 92 62,FFVGQGFMK,CID
6,NC-DeNovo.raw,326,LEHKEYDK,4186,8,74,74,8,354.5143,3,11.90,-,1.2916E7,1060.5188,2.0,,96 98 72 63 91 46 63 63,LEHKEYDK,CID
6,NC-DeNovo.raw,2726,M(+42.01)DM(+15.99)FHK,36821,6,74,74,6,433.6776,2,69.33,-,9.6202E4,865.3463,-6.4,Acetylation (N-term); Oxidation (M),43 65 68 93 85 90,M(+42.01)DM(+15.99)FHK,CID
6,NC-DeNovo.raw,4302,LEQLAPQPK,376,9,74,74,9,512.2944,2,1.31,-,4.4744E4,1022.5760,-1.6,,95 98 95 99 97 35 39 50 59,LEQLAPQPK,CID
6,NC-DeNovo.raw,9911,QLDAAHK,6724,7,74,74,7,782.4097,1,16.84,-,1.2484E5,781.4082,-7.4,,57 85 63 63 87 80 79,QLDAAHK,CID
6,NC-DeNovo.raw,-,TTHK,9397,4,74,74,4,486.2687,1,21.06,-,0,485.2598,3.3,,86 78 62 68,TTHK,CID
6,NC-DeNovo.raw,-,WPNAALQLAGNDHK,6691,14,73,73,14,767.8846,2,16.74,-,0,1533.7688,-9.2,,68 56 72 52 61 97 95 96 73 51 80 90 95 43,WPNAALQLAGNDHK,CID
6,NC-DeNovo.raw,-,GKPLTMR,3851,7,73,73,7,401.7332,2,11.51,-,0,801.4531,-1.4,,33 70 90 94 72 75 79,GKPLTMR,CID
6,NC-DeNovo.raw,-,G(+42.01)AVPLLHK,5252,8,73,73,8,438.7688,2,14.08,-,0,875.5229,0.3,Acetylation (N-term),85 49 54 95 98 90 79 37,G(+42.01)AVPLLHK,CID
6,NC-DeNovo.raw,-,L(+42.01)LC(+57.02)AM(+15.99)YK,3784,7,73,73,7,478.7308,2,11.40,-,0,955.4507,-3.8,Acetylation (N-term); Carbamidomethylation; Oxidation (M),96 97 43 38 63 86 90,L(+42.01)LC(+57.02)AM(+15.99)YK,CID
6,NC-DeNovo.raw,3147,VAVPLQNR,3767,8,73,73,8,448.7692,2,11.50,-,1.6604E6,895.5239,0.0,,83 54 63 96 96 40 66 86,VAVPLQNR,CID
6,NC-DeNovo.raw,-,A(+42.01)APEAFGGNNSDK,7807,13,73,73,13,660.2953,2,18.52,-,0,1318.5789,-2.1,Acetylation (N-term),23 33 44 88 96 96 91 86 86 79 74 69 85,A(+42.01)APEAFGGNNSDK,CID
6,NC-DeNovo.raw,-,H(+42.01)NLPVLSASK,5294,10,73,73,10,554.3085,2,14.14,-,0,1106.6084,-5.4,Acetylation (N-term),66 69 98 95 97 97 50 62 54 41,H(+42.01)NLPVLSASK,CID
6,NC-DeNovo.raw,2906,G(+42.01)AVPLLHK,5722,8,73,73,8,438.7675,2,15.50,-,9.4392E5,875.5229,-2.7,Acetylation (N-term),82 49 54 95 98 89 79 37,G(+42.01)AVPLLHK,CID
6,NC-DeNovo.raw,12308,DNGTLLNLYNLRHTVR,19952,16,72,72,16,950.0184,2,40.82,-,2.5263E7,1898.0122,5.3,,52 44 52 74 99 98 97 97 96 89 51 32 48 63 91 78,DNGTLLNLYNLRHTVR,CID
6,NC-DeNovo.raw,12244,NDGTLLNLYLLRPDVR,20300,16,72,72,16,936.5143,2,42.28,-,9.5536E6,1871.0264,-6.6,,34 34 44 77 99 97 95 96 95 79 65 38 43 96 90 74,NDGTLLNLYLLRPDVR,CID
6,NC-DeNovo.raw,3250,QELAGPPAK,4134,9,72,72,9,455.7516,2,11.88,-,4.8137E5,909.4919,-3.5,,50 81 99 97 87 66 35 70 61,QELAGPPAK,CID
6,NC-DeNovo.raw,2906,G(+42.01)AVPLLHK,5853,8,72,72,8,438.7675,2,15.50,-,9.4392E5,875.5229,-2.7,Acetylation (N-term),82 48 52 95 98 88 77 37,G(+42.01)AVPLLHK,CID
6,NC-DeNovo.raw,-,A(+42.01)PVVHR,3982,6,72,72,6,360.7117,2,11.72,-,0,719.4078,1.4,Acetylation (N-term),97 96 96 70 41 31,A(+42.01)PVVHR,CID
6,NC-DeNovo.raw,4759,LEQLAPPAVK,7159,10,71,71,10,533.3188,2,17.47,-,3.0011E5,1064.6230,0.0,,96 99 99 99 97 73 28 46 45 34,LEQLAPPAVK,CID
6,NC-DeNovo.raw,-,D(+42.01)DNLLNLYLLRPDVR,20297,15,71,71,15,936.0131,2,42.06,-,0,1869.9949,8.9,Acetylation (N-term),39 37 35 97 97 96 97 95 79 52 40 45 96 90 75,D(+42.01)DNLLNLYLLRPDVR,CID
6,NC-DeNovo.raw,3870,FVQLAPPAK,4206,9,71,71,9,485.7911,2,12.10,-,2.1522E4,969.5647,3.0,,77 88 94 98 97 66 39 50 32,FVQLAPPAK,CID
6,NC-DeNovo.raw,-,R(+42.01)LLPLAER,3191,8,71,71,8,505.3122,2,10.40,-,0,1008.6080,1.9,Acetylation (N-term),26 41 46 93 97 90 96 81,R(+42.01)LLPLAER,CID
6,NC-DeNovo.raw,-,AQRKEAHK,4074,8,71,71,8,484.2760,2,11.87,-,0,966.5359,1.7,,52 46 57 54 90 90 92 87,AQRKEAHK,CID
6,NC-DeNovo.raw,3476,YTFAPAMK,6169,8,71,71,8,464.7315,2,15.70,-,6.753E4,927.4524,-4.2,,96 98 98 96 37 38 55 51,YTFAPAMK,CID
6,NC-DeNovo.raw,-,HELKVVAER,3733,9,71,71,9,540.8119,2,11.32,-,0,1079.6086,0.5,,96 99 99 86 54 48 38 79 37,HELKVVAER,CID
6,NC-DeNovo.raw,-,C(+57.02)(+42.01)GDTFAFGGDEWK,7570,13,70,70,13,766.3092,2,18.14,-,0,1530.6084,-3.0,Carbamidomethylation; Acetylation (N-term),26 24 49 97 97 97 97 92 74 52 72 54 86,C(+57.02)(+42.01)GDTFAFGGDEWK,CID
6,NC-DeNovo.raw,3600,VAVPLYKR,5608,8,70,70,8,473.2977,2,14.77,-,8.1781E5,944.5807,0.2,,80 55 65 95 96 51 67 55,VAVPLYKR,CID
6,NC-DeNovo.raw,7793,TYFAFPQEC(+57.02)SK,7321,11,70,70,11,689.3077,2,17.90,-,1.1437E6,1376.6069,-4.5,Carbamidomethylation,75 79 98 98 97 23 33 60 61 68 82,TYFAFPQEC(+57.02)SK,CID
6,NC-DeNovo.raw,3600,VAVPLKYR,5613,8,70,70,8,473.2977,2,14.77,-,8.1781E5,944.5807,0.2,,81 54 63 95 96 48 67 56,VAVPLKYR,CID
6,NC-DeNovo.raw,4125,LEQLAGFTK,4089,9,70,70,9,503.7806,2,11.88,-,5.1105E5,1005.5494,-2.8,,93 97 86 94 82 43 41 55 38,LEQLAGFTK,CID
6,NC-DeNovo.raw,-,DFC(+57.02)LAGHQK,4077,9,70,70,9,538.2554,2,11.87,-,0,1074.4917,4.2,Carbamidomethylation,52 51 77 98 96 76 50 68 61,DFC(+57.02)LAGHQK,CID
6,NC-DeNovo.raw,2938,RYYFGGNNDSK,7548,11,70,70,11,440.8665,3,18.22,-,1.6752E6,1319.5894,-8.8,,55 65 72 54 89 89 91 76 56 59 61,RYYFGGNNDSK,CID
6,NC-DeNovo.raw,-,YTFAFGSGPDMK,8226,12,70,70,12,660.7974,2,19.19,-,0,1319.5857,-4.2,,85 86 97 97 97 92 49 21 44 55 57 57,YTFAFGSGPDMK,CID
6,NC-DeNovo.raw,-,L(+42.01)LGVYYK,3995,7,70,70,7,449.2573,2,11.74,-,0,896.5007,-0.8,Acetylation (N-term),94 92 65 78 67 66 28,L(+42.01)LGVYYK,CID
6,NC-DeNovo.raw,12244,DNGTLLNLYSKKHNVR,20901,16,70,70,16,936.5143,2,42.28,-,9.5536E6,1871.0012,6.8,,31 29 44 75 97 97 95 97 96 95 73 40 32 56 81 77,DNGTLLNLYSKKHNVR,CID
6,NC-DeNovo.raw,-,YTFAFGNGDNSK,8227,12,70,70,12,660.7974,2,19.19,-,0,1319.5781,1.6,,86 86 97 97 97 92 46 25 45 45 51 69,YTFAFGNGDNSK,CID
6,NC-DeNovo.raw,-,GDETLGDVR,3823,9,70,70,9,481.2308,2,11.47,-,0,960.4512,-4.4,,17 34 72 65 92 82 95 91 79,GDETLGDVR,CID
6,NC-DeNovo.raw,3214,AAKPPPAPR,4527,9,69,69,9,452.7753,2,12.54,-,8.8336E5,903.5290,7.7,,38 72 77 95 86 70 56 66 63,AAKPPPAPR,CID
6,NC-DeNovo.raw,923,LPARYK,3768,6,69,69,6,374.2293,2,11.49,-,1.8352E6,746.4438,0.3,,98 96 49 39 57 75,LPARYK,CID
6,NC-DeNovo.raw,519,LVFSKK,4691,6,69,69,6,361.2370,2,13.01,-,9.9296E4,720.4534,8.5,,98 98 74 48 49 48,LVFSKK,CID
6,NC-DeNovo.raw,-,V(+42.01)PQLAGHKK,3977,9,69,69,9,510.3036,2,11.71,-,0,1018.5923,0.3,Acetylation (N-term),90 86 93 96 93 39 44 50 29,V(+42.01)PQLAGHKK,CID
6,NC-DeNovo.raw,819,VVAPLSR,3945,7,69,69,7,371.2332,2,11.69,-,4.099E5,740.4545,-3.7,,69 65 67 81 92 76 33,VVAPLSR,CID
6,NC-DeNovo.raw,4125,NKHSAGKHK,4061,9,69,69,9,503.7806,2,11.88,-,5.1105E5,1005.5468,-0.2,,89 88 61 71 96 68 55 56 35,NKHSAGKHK,CID
6,NC-DeNovo.raw,12308,NDGTLLNLYNKHKNVR,20252,16,69,69,16,950.0184,2,40.82,-,2.5263E7,1898.0122,5.3,,28 31 40 74 97 97 96 97 95 91 60 38 34 59 88 74,NDGTLLNLYNKHKNVR,CID
6,NC-DeNovo.raw,892,HEAAELHPSK,3352,10,69,69,10,373.5257,3,10.67,-,1.4339E6,1117.5515,3.4,,93 97 85 85 98 90 33 37 48 23,HEAAELHPSK,CID
6,NC-DeNovo.raw,-,A(+42.01)NNPLNYK,3725,8,69,69,8,488.2491,2,11.31,-,0,974.4821,1.5,Acetylation (N-term),27 27 31 93 97 90 95 90,A(+42.01)NNPLNYK,CID
6,NC-DeNovo.raw,845,TLTGSHK,5583,7,68,68,7,372.2025,2,14.67,-,3.4357E4,742.3973,-9.2,,44 65 74 69 88 76 63,TLTGSHK,CID
6,NC-DeNovo.raw,-,W(+42.01)SALLNLYPRPRDVR,19411,15,68,68,15,949.5179,2,40.59,-,0,1897.0322,-5.8,Acetylation (N-term),24 23 25 97 97 96 97 95 52 41 55 62 96 90 76,W(+42.01)SALLNLYPRPRDVR,CID
6,NC-DeNovo.raw,-,TYFAM(+15.99)SLSDNR,8571,11,68,68,11,660.7971,2,19.74,-,0,1319.5815,-1.5,Oxidation (M),57 62 94 96 90 33 48 86 54 57 70,TYFAM(+15.99)SLSDNR,CID
6,NC-DeNovo.raw,7793,YTFAFPQEC(+57.02)SK,7318,11,68,68,11,689.3077,2,17.90,-,1.1437E6,1376.6069,-4.5,Carbamidomethylation,80 82 97 97 96 18 28 52 55 62 80,YTFAFPQEC(+57.02)SK,CID
6,NC-DeNovo.raw,535,C(+57.02)MWPLNHK,4025,8,68,68,8,362.5074,3,11.90,-,1.8821E6,1084.4946,5.3,Carbamidomethylation,27 26 46 94 97 79 86 88,C(+57.02)MWPLNHK,CID
6,NC-DeNovo.raw,6752,TYFAFDESQR,7743,10,68,68,10,632.2851,2,18.46,-,1.3701E5,1262.5566,-0.8,,79 89 97 97 96 40 56 44 45 37,TYFAFDESQR,CID
6,NC-DeNovo.raw,3790,EYNLGDVR,3825,8,68,68,8,483.2374,2,11.48,-,1.4189E6,964.4614,-1.1,,49 24 29 97 90 93 88 74,EYNLGDVR,CID
6,NC-DeNovo.raw,485,FC(+57.02)YPLSYK,4030,8,68,68,8,359.8377,3,11.90,-,5.8921E6,1076.5000,-8.0,Carbamidomethylation,30 45 35 93 97 94 92 56,FC(+57.02)YPLSYK,CID
6,NC-DeNovo.raw,4709,LPSPGQSM(+15.99)TK,4112,10,68,68,10,531.2673,2,11.90,-,4.3833E6,1060.5222,-2.0,Oxidation (M),51 34 51 97 85 89 83 59 62 65,LPSPGQSM(+15.99)TK,CID
6,NC-DeNovo.raw,-,D(+42.01)GGHELGHVR,3352,10,68,68,10,373.5143,3,10.68,-,0,1117.5264,-4.8,Acetylation (N-term),83 70 90 96 98 91 23 46 43 39,D(+42.01)GGHELGHVR,CID
6,NC-DeNovo.raw,485,FC(+57.02)YPLSYK,4031,8,68,68,8,359.8377,3,11.90,-,5.8921E6,1076.5000,-8.0,Carbamidomethylation,30 45 35 93 97 94 92 55,FC(+57.02)YPLSYK,CID
6,NC-DeNovo.raw,-,W(+42.01)GTLLNLYHKLQDVR,19722,15,67,67,15,949.5172,2,41.10,-,0,1897.0210,-0.7,Acetylation (N-term),31 17 40 97 97 96 97 94 30 24 79 52 95 90 76,W(+42.01)GTLLNLYHKLQDVR,CID
6,NC-DeNovo.raw,2906,LRPLYSK,6379,7,67,67,7,438.7675,2,15.50,-,9.4392E5,875.5228,-2.7,,70 65 92 93 59 56 35,LRPLYSK,CID
6,NC-DeNovo.raw,5323,TYFFWDEK,7428,8,67,67,8,568.2568,2,17.97,-,6.8422E4,1134.5022,-2.7,,77 79 97 95 30 34 76 49,TYFFWDEK,CID
6,NC-DeNovo.raw,-,L(+42.01)KQLAGQHK,6878,9,67,67,9,532.8164,2,17.03,-,0,1063.6138,4.2,Acetylation (N-term),50 52 93 98 96 18 63 70 63,L(+42.01)KQLAGQHK,CID
6,NC-DeNovo.raw,-,A(+42.01)EELAAHANK,4478,10,67,67,10,548.2700,2,12.52,-,0,1094.5356,-9.3,Acetylation (N-term),35 68 97 98 97 96 37 49 52 41,A(+42.01)EELAAHANK,CID
6,NC-DeNovo.raw,-,DGPPLHGDR,4163,9,67,67,9,482.2355,2,12.01,-,0,962.4570,-0.5,,37 45 74 95 98 91 45 68 50,DGPPLHGDR,CID
6,NC-DeNovo.raw,-,L(+42.01)YSKMTR,3848,7,67,67,7,470.7455,2,11.51,-,0,939.4848,-8.8,Acetylation (N-term),85 51 51 85 56 63 78,L(+42.01)YSKMTR,CID
6,NC-DeNovo.raw,924,LPFSRK,2172,6,67,67,6,374.2295,2,8.21,-,4.5894E4,746.4438,0.8,,98 92 56 48 39 67,LPFSRK,CID
6,NC-DeNovo.raw,-,YRRVLNMK,3249,8,67,67,8,360.5427,3,10.51,-,0,1078.6069,-0.7,,24 31 70 91 95 63 75 85,YRRVLNMK,CID
6,NC-DeNovo.raw,2820,VAVPLNTR,3935,8,67,67,8,435.2634,2,11.78,-,1.2881E6,868.5130,-0.9,,82 51 60 95 97 37 57 54,VAVPLNTR,CID
6,NC-DeNovo.raw,-,K(+42.01)VPLTMK,3961,7,66,66,7,429.7558,2,11.69,-,0,857.5045,-8.7,Acetylation (N-term),41 50 93 93 51 57 79,K(+42.01)VPLTMK,CID
6,NC-DeNovo.raw,8039,C(+57.02)(+42.01)NDMEGGNVGC(+57.02)K,7561,12,66,66,12,691.7587,2,18.27,-,5.181E4,1381.5061,-2.4,Carbamidomethylation; Acetylation (N-term),45 41 35 31 62 79 80 89 95 67 85 84,C(+57.02)(+42.01)NDMEGGNVGC(+57.02)K,CID
6,NC-DeNovo.raw,4845,QNLGC(+57.02)AGTTR,4024,10,66,66,10,539.2535,2,11.90,-,2.9683E6,1076.5032,-9.9,Carbamidomethylation,34 38 84 40 88 82 79 78 79 60,QNLGC(+57.02)AGTTR,CID
6,NC-DeNovo.raw,12308,DNGTLLNLYNHKKNVR,20565,16,66,66,16,950.0184,2,40.82,-,2.5263E7,1898.0122,5.3,,30 28 40 72 98 98 95 97 96 86 51 38 33 56 81 62,DNGTLLNLYNHKKNVR,CID
6,NC-DeNovo.raw,-,SKEELANGDHK,10658,11,66,66,11,614.3077,2,23.33,-,0,1226.5891,9.5,,31 29 57 96 97 90 71 70 88 76 23,SKEELANGDHK,CID
6,NC-DeNovo.raw,-,W(+42.01)YDSPGGNVGC(+57.02)K,7561,12,66,66,12,691.3018,2,18.12,-,0,1380.5769,8.8,Acetylation (N-term); Carbamidomethylation,77 66 63 31 26 67 68 83 94 57 79 82,W(+42.01)YDSPGGNVGC(+57.02)K,CID
6,NC-DeNovo.raw,-,D(+42.01)MMLYMVK,4086,8,66,66,8,536.7512,2,11.89,-,0,1071.4802,7.2,Acetylation (N-term),25 27 31 92 88 90 90 85,D(+42.01)MMLYMVK,CID
6,NC-DeNovo.raw,924,LPYARK,2179,6,65,65,6,374.2295,2,8.21,-,4.5894E4,746.4438,0.8,,98 96 85 38 31 44,LPYARK,CID
6,NC-DeNovo.raw,-,WLLPEM(+15.99)MK,4120,8,65,65,8,355.1824,3,11.94,-,0,1062.5242,1.1,Oxidation (M),39 49 91 92 98 62 66 25,WLLPEM(+15.99)MK,CID
6,NC-DeNovo.raw,-,A(+42.01)QEQLAGHKK,4323,10,65,65,10,576.3140,2,12.26,-,0,1150.6094,3.6,Acetylation (N-term),45 49 99 93 98 96 26 56 59 32,A(+42.01)QEQLAGHKK,CID
6,NC-DeNovo.raw,-,THQLAHKK,4286,8,65,65,8,481.7827,2,12.20,-,0,961.5457,5.4,,52 54 78 94 95 60 63 25,THQLAHKK,CID
6,NC-DeNovo.raw,3787,VAVPLAEHK,3955,9,65,65,9,482.2842,2,11.83,-,4.8031E6,962.5549,-1.1,,80 50 62 95 97 49 69 45 34,VAVPLAEHK,CID
6,NC-DeNovo.raw,-,M(+42.01)(+15.99)PLAPQPK,5400,8,65,65,8,470.2494,2,14.31,-,0,938.4895,-5.6,Acetylation (N-term); Oxidation (M),88 82 95 96 39 37 45 37,M(+42.01)(+15.99)PLAPQPK,CID
6,NC-DeNovo.raw,-,MKQLAYYK,4102,8,65,65,8,522.7836,2,11.91,-,0,1043.5474,5.0,,67 70 90 92 62 45 61 31,MKQLAYYK,CID
6,NC-DeNovo.raw,848,K(+42.01)PESLK,6525,6,65,65,6,372.2198,2,16.50,-,6.2765E3,742.4225,3.3,Acetylation (N-term),56 49 79 52 65 86,K(+42.01)PESLK,CID
6,NC-DeNovo.raw,-,V(+42.01)VQLAPQPK,6403,9,65,65,9,511.3016,2,16.15,-,0,1020.5967,-7.9,Acetylation (N-term),88 86 90 98 92 29 31 39 32,V(+42.01)VQLAPQPK,CID
6,NC-DeNovo.raw,-,EWALLNLYNNKKHVR,20041,15,65,65,15,949.5151,2,41.62,-,0,1897.0322,-8.7,,41 19 21 96 97 95 97 95 85 18 32 43 69 89 74,EWALLNLYNNKKHVR,CID
6,NC-DeNovo.raw,4393,LMELAPPKK,6598,9,64,64,9,513.8094,2,14.83,-,8.8417E5,1025.5942,9.9,,57 52 98 97 95 69 39 44 28,LMELAPPKK,CID
6,NC-DeNovo.raw,3314,SSFGYVVR,3998,8,64,64,8,457.7412,2,11.78,-,3.0101E6,913.4658,2.3,,86 88 90 35 34 34 70 76,SSFGYVVR,CID
6,NC-DeNovo.raw,-,LEQLAPPQK,5097,9,64,64,9,512.2943,2,13.82,-,0,1022.5760,-1.9,,55 75 97 98 95 33 25 48 50,LEQLAPPQK,CID
6,NC-DeNovo.raw,845,K(+42.01)TTSHK,5658,6,64,64,6,372.2025,2,14.67,-,3.4357E4,742.3973,-9.2,Acetylation (N-term),48 45 46 82 72 91,K(+42.01)TTSHK,CID
6,NC-DeNovo.raw,4241,VAVPLWAQK,3916,9,64,64,9,506.3030,2,11.69,-,6.465E5,1010.5912,0.2,,85 54 66 96 97 35 38 56 48,VAVPLWAQK,CID
6,NC-DeNovo.raw,-,ARLTMR,3802,6,64,64,6,374.2171,2,11.43,-,0,746.4221,-3.2,,65 66 79 41 49 82,ARLTMR,CID
6,NC-DeNovo.raw,1869,QSWKPR,5813,6,64,64,6,401.2237,2,15.05,-,2.2285E4,800.4293,4.3,,31 32 57 91 86 85,QSWKPR,CID
6,NC-DeNovo.raw,-,W(+42.01)GTLLNLYSHTRLVR,20613,15,63,63,15,936.0125,2,42.58,-,0,1870.0212,-5.8,Acetylation (N-term),19 10 22 98 98 96 98 96 91 27 34 26 71 91 78,W(+42.01)GTLLNLYSHTRLVR,CID
6,NC-DeNovo.raw,3620,VAGLPLSYK,3870,9,63,63,9,474.2863,2,11.62,-,4.3828E5,946.5487,10.0,,68 71 63 90 39 54 71 78 37,VAGLPLSYK,CID
6,NC-DeNovo.raw,-,GPLFLATR,3948,8,63,63,8,437.7651,2,11.67,-,0,873.5072,9.6,,78 88 96 91 41 30 46 37,GPLFLATR,CID
6,NC-DeNovo.raw,-,C(+57.02)(+42.01)QAAM(+15.99)LQLANGHDK,5945,14,63,63,14,807.8730,2,15.26,-,0,1613.7290,1.6,Carbamidomethylation; Acetylation (N-term); Oxidation (M),23 25 25 28 33 95 95 96 89 75 71 68 81 82,C(+57.02)(+42.01)QAAM(+15.99)LQLANGHDK,CID
6,NC-DeNovo.raw,-,HVKMGR,4351,6,63,63,6,364.2037,2,12.30,-,0,726.3959,-4.2,,35 44 69 88 67 77,HVKMGR,CID
6,NC-DeNovo.raw,3484,EHLLMC(+57.02)K,3938,7,63,63,7,465.7279,2,11.78,-,1.7589E6,929.4463,-5.4,Carbamidomethylation,46 23 32 92 87 77 85,EHLLMC(+57.02)K,CID
6,NC-DeNovo.raw,1912,R(+42.01)PLYSK,5225,6,63,63,6,403.2314,2,14.09,-,3.6166E4,804.4493,-1.5,Acetylation (N-term),86 84 88 48 46 27,R(+42.01)PLYSK,CID
6,NC-DeNovo.raw,485,C(+57.02)FYPLSYK,4003,8,63,63,8,359.8377,3,11.90,-,5.8921E6,1076.5000,-8.0,Carbamidomethylation,31 32 35 93 97 94 92 30,C(+57.02)FYPLSYK,CID
6,NC-DeNovo.raw,3484,ALHGTSGC(+57.02)K,4015,9,63,63,9,465.7279,2,11.78,-,1.7589E6,929.4389,2.5,Carbamidomethylation,29 45 56 76 82 93 43 73 70,ALHGTSGC(+57.02)K,CID
6,NC-DeNovo.raw,5255,NPPLALLGATR,5476,11,63,63,11,561.8364,2,14.44,-,9.2111E4,1121.6558,2.3,,27 56 80 99 54 45 51 77 63 68 72,NPPLALLGATR,CID
6,NC-DeNovo.raw,5428,KLEKLAGKHK,4374,10,63,63,10,576.3687,2,12.52,-,3.494E5,1150.7185,3.7,,52 66 98 95 96 91 16 45 49 21,KLEKLAGKHK,CID
6,NC-DeNovo.raw,6054,M(+42.01)(+15.99)TAFGASNAGSK,10724,12,63,63,12,600.2719,2,23.56,-,3.1932E5,1198.5288,0.4,Acetylation (N-term); Oxidation (M),65 68 99 96 90 22 24 31 99 60 74 28,M(+42.01)(+15.99)TAFGASNAGSK,CID
6,NC-DeNovo.raw,4125,LEQPHRAR,4103,8,63,63,8,503.7806,2,11.88,-,5.1105E5,1005.5468,-0.1,,94 97 69 20 26 28 89 81,LEQPHRAR,CID
6,NC-DeNovo.raw,-,ELQLAPPQK,6259,9,62,62,9,512.2953,2,15.86,-,0,1022.5760,0.2,,66 51 87 98 96 35 28 51 49,ELQLAPPQK,CID
6,NC-DeNovo.raw,-,SKVVAFGGDLSDK,7573,13,62,62,13,661.8566,2,18.14,-,0,1321.6877,8.3,,20 22 40 75 95 95 86 66 32 56 74 70 82,SKVVAFGGDLSDK,CID
6,NC-DeNovo.raw,4360,EMNFRDGR,5740,8,62,62,8,512.7312,2,15.34,-,1.1371E5,1023.4556,-7.5,,57 34 74 50 43 85 75 80,EMNFRDGR,CID
6,NC-DeNovo.raw,368,YQVLQSSSR,4098,9,62,62,9,356.5193,3,11.88,-,4.3717E5,1066.5408,-4.4,,30 23 25 95 80 63 75 92 78,YQVLQSSSR,CID
6,NC-DeNovo.raw,2955,VVAPLMPR,3700,8,62,62,8,441.7607,2,11.32,-,1.0384E5,881.5157,-9.9,,69 49 62 88 92 51 57 30,VVAPLMPR,CID
6,NC-DeNovo.raw,-,MHVGKK,5423,6,62,62,6,350.2055,2,14.35,-,0,698.3898,9.6,,86 82 77 34 51 43,MHVGKK,CID
6,NC-DeNovo.raw,-,L(+42.01)LRGHMR,3837,7,62,62,7,462.7623,2,11.49,-,0,923.5123,-2.4,Acetylation (N-term),96 97 92 27 57 30 38,L(+42.01)LRGHMR,CID
6,NC-DeNovo.raw,-,K(+42.01)MSC(+57.02)YK,3840,6,62,62,6,429.6993,2,11.49,-,0,857.3776,7.5,Acetylation (N-term); Carbamidomethylation,68 41 66 82 86 31,K(+42.01)MSC(+57.02)YK,CID
6,NC-DeNovo.raw,3690,T(+42.01)YPPGSYK,3987,8,62,62,8,477.7292,2,11.78,-,1.1467E5,953.4494,-5.8,Acetylation (N-term),56 61 86 46 39 93 90 26,T(+42.01)YPPGSYK,CID
6,NC-DeNovo.raw,4384,FPKLVSAHK,6963,9,62,62,9,513.8088,2,17.21,-,3.8293E4,1025.6022,0.9,,41 41 82 96 65 62 71 74 25,FPKLVSAHK,CID
6,NC-DeNovo.raw,2955,LRPPGAGSK,3692,9,62,62,9,441.7607,2,11.32,-,1.0384E5,881.5082,-1.5,,82 77 86 34 21 45 88 93 33,LRPPGAGSK,CID
6,NC-DeNovo.raw,-,ELQLAPPQK,6000,9,62,62,9,512.2948,2,15.36,-,0,1022.5760,-0.9,,67 52 90 98 96 34 27 51 44,ELQLAPPQK,CID
6,NC-DeNovo.raw,-,Q(+42.01)PAWKQLANGDHK,6914,13,62,62,13,512.2592,3,17.09,-,0,1533.7688,-8.6,Acetylation (N-term),23 16 46 62 39 65 90 78 71 78 88 82 68,Q(+42.01)PAWKQLANGDHK,CID
6,NC-DeNovo.raw,3836,LEQLAPPAK,4320,9,62,62,9,483.7831,2,12.12,-,4.3589E5,965.5545,-2.9,,50 70 91 96 95 56 32 39 28,LEQLAPPAK,CID
6,NC-DeNovo.raw,865,K(+42.01)AGVTAR,5312,7,62,62,7,372.7209,2,14.21,-,3.1369E5,743.4290,-2.3,Acetylation (N-term),35 39 39 71 79 85 85,K(+42.01)AGVTAR,CID
6,NC-DeNovo.raw,3600,K(+42.01)VPLYKR,5598,7,62,62,7,473.2977,2,14.77,-,8.1781E5,944.5807,0.2,Acetylation (N-term),48 57 92 93 48 48 49,K(+42.01)VPLYKR,CID
6,NC-DeNovo.raw,12525,MYQVVVVGM(+15.99)TVC(+57.02)HLGPR,10124,17,62,62,17,981.4855,2,22.36,-,4.2421E6,1960.9685,-6.2,Oxidation (M); Carbamidomethylation,18 19 21 74 93 93 88 26 43 85 79 87 79 79 38 61 72,MYQVVVVGM(+15.99)TVC(+57.02)HLGPR,CID
6,NC-DeNovo.raw,-,VAVPLPMYK,3903,9,62,62,9,509.2955,2,11.60,-,0,1016.5728,3.5,,84 54 63 96 98 30 38 54 40,VAVPLPMYK,CID
6,NC-DeNovo.raw,-,NPVNLAGPPAK,4127,11,62,62,11,539.3073,2,11.95,-,0,1076.5979,1.9,,40 27 35 81 99 97 85 79 56 52 28,NPVNLAGPPAK,CID
6,NC-DeNovo.raw,892,T(+42.01)KHEYRSR,3246,8,61,61,8,373.5257,3,10.67,-,1.4339E6,1117.5627,-6.6,Acetylation (N-term),22 24 78 93 67 59 77 71,T(+42.01)KHEYRSR,CID
6,NC-DeNovo.raw,-,L(+42.01)LPLDKK,3929,7,61,61,7,434.7794,2,11.64,-,0,867.5429,1.4,Acetylation (N-term),46 95 96 86 34 31 40,L(+42.01)LPLDKK,CID
6,NC-DeNovo.raw,1597,LEPPVVK,3858,7,61,61,7,391.2434,2,11.55,-,5.5575E5,780.4745,-2.8,,97 99 86 55 28 30 33,LEPPVVK,CID
6,NC-DeNovo.raw,6752,YTFAFESENR,7693,10,61,61,10,632.2851,2,18.46,-,1.3701E5,1262.5566,-0.8,,71 72 95 95 93 46 19 59 34 26,YTFAFESENR,CID
6,NC-DeNovo.raw,-,LRPLYNK,6882,7,61,61,7,452.2747,2,17.04,-,0,902.5338,1.3,,69 65 93 91 39 39 31,LRPLYNK,CID
6,NC-DeNovo.raw,-,HQFAFGDGEWK,7930,11,61,61,11,661.2985,2,18.71,-,0,1320.5886,-4.6,,44 48 97 97 97 90 45 15 69 44 27,HQFAFGDGEWK,CID
6,NC-DeNovo.raw,3314,MELKHEK,4133,7,61,61,7,457.7412,2,11.78,-,3.0101E6,913.4691,-1.4,,49 78 92 68 40 68 31,MELKHEK,CID
6,NC-DeNovo.raw,-,LRPLYNK,6344,7,61,61,7,452.2753,2,16.03,-,0,902.5338,2.5,,70 66 93 90 39 39 32,LRPLYNK,CID
6,NC-DeNovo.raw,-,E(+42.01)NLAPQPK,5376,8,60,60,8,469.7497,2,14.27,-,0,937.4869,-2.2,Acetylation (N-term),60 65 98 96 39 40 48 40,E(+42.01)NLAPQPK,CID
6,NC-DeNovo.raw,-,SRQLAGAPPK,3900,10,60,60,10,512.7953,2,11.59,-,0,1023.5825,-6.2,,59 69 95 97 95 81 29 35 24 21,SRQLAGAPPK,CID
6,NC-DeNovo.raw,4244,R(+42.01)AALKNAAR,5019,9,60,60,9,506.8009,2,12.35,-,1.7695E5,1011.5937,-6.4,Acetylation (N-term),21 24 26 48 84 85 90 90 75,R(+42.01)AALKNAAR,CID
6,NC-DeNovo.raw,-,LQQLAAPPQK,4479,10,60,60,10,547.3229,2,12.53,-,0,1092.6292,1.9,,43 37 86 98 97 96 31 39 48 31,LQQLAAPPQK,CID
6,NC-DeNovo.raw,4294,ELQLAPPQK,3418,9,60,60,9,512.2939,2,10.84,-,1.33E5,1022.5760,-2.6,,62 48 84 98 95 31 23 46 55,ELQLAPPQK,CID
6,NC-DeNovo.raw,12244,DNGTLLNLYSGKPKPVR,21164,17,60,60,17,936.5143,2,42.28,-,9.5536E6,1871.0264,-6.6,,25 24 39 69 72 96 91 96 94 93 15 33 18 44 56 85 72,DNGTLLNLYSGKPKPVR,CID
6,NC-DeNovo.raw,4577,TYFNNGAEK,6247,9,60,60,9,522.2448,2,15.94,-,1.8246E5,1042.4719,3.0,,74 77 95 35 30 23 45 87 76,TYFNNGAEK,CID
6,NC-DeNovo.raw,8039,W(+42.01)M(+15.99)GGSDPSC(+57.02)GDR,7585,12,60,60,12,691.7587,2,18.27,-,5.181E4,1381.5027,0.1,Acetylation (N-term); Oxidation (M); Carbamidomethylation,57 60 39 51 69 44 45 63 96 90 88 19,W(+42.01)M(+15.99)GGSDPSC(+57.02)GDR,CID
6,NC-DeNovo.raw,2958,VDVLLPVK,3766,8,60,60,8,441.7873,2,11.06,-,1.7028E6,881.5586,1.6,,82 89 92 78 52 22 44 22,VDVLLPVK,CID
6,NC-DeNovo.raw,-,QLQLANAHK,5740,9,60,60,9,511.7932,2,14.86,-,0,1021.5668,4.8,,35 50 90 98 90 32 34 66 44,QLQLANAHK,CID
6,NC-DeNovo.raw,-,T(+42.01)AQFHK,6295,6,60,60,6,387.1993,2,15.93,-,0,772.3868,-3.6,Acetylation (N-term),32 35 34 89 79 89,T(+42.01)AQFHK,CID
6,NC-DeNovo.raw,9717,HKLTFAFGGSNNDK,7590,14,60,60,14,768.3857,2,16.84,-,4.7168E6,1534.7527,2.8,,18 30 49 95 95 95 95 88 69 57 39 35 41 33,HKLTFAFGGSNNDK,CID
6,NC-DeNovo.raw,4369,DKQLAHKGK,6403,9,60,60,9,512.7964,2,15.49,-,3.0665E5,1023.5825,-4.0,,44 44 88 99 97 51 45 31 39,DKQLAHKGK,CID
6,NC-DeNovo.raw,4369,DKQLAHGKK,6000,9,60,60,9,512.7964,2,15.49,-,3.0665E5,1023.5825,-4.0,,44 45 91 98 97 51 26 49 38,DKQLAHGKK,CID
6,NC-DeNovo.raw,1597,LEPPVVK,3834,7,59,59,7,391.2434,2,11.55,-,5.5575E5,780.4745,-2.8,,97 99 84 52 27 27 30,LEPPVVK,CID
6,NC-DeNovo.raw,4370,SRQLAPPQK,5097,9,59,59,9,512.7971,2,13.43,-,5.6738E5,1023.5825,-2.7,,59 68 93 98 95 31 21 43 27,SRQLAPPQK,CID
6,NC-DeNovo.raw,-,K(+42.01)PLPVMVKK,3465,9,59,59,9,541.3482,2,10.87,-,0,1080.6729,8.3,Acetylation (N-term),51 54 96 91 91 57 37 34 24,K(+42.01)PLPVMVKK,CID
6,NC-DeNovo.raw,-,LPNLSSNC(+57.02)R,4042,9,59,59,9,354.1805,3,11.82,-,0,1059.5132,6.2,Carbamidomethylation,88 75 86 95 86 27 24 38 16,LPNLSSNC(+57.02)R,CID
6,NC-DeNovo.raw,2906,LRPLSYK,6124,7,59,59,7,438.7675,2,15.50,-,9.4392E5,875.5228,-2.7,,69 66 92 79 40 38 31,LRPLSYK,CID
6,NC-DeNovo.raw,5419,ELQQLAPPQK,3857,10,59,59,10,576.3236,2,11.62,-,3.3006E5,1150.6345,-1.6,,57 43 80 90 97 95 27 34 44 27,ELQQLAPPQK,CID
6,NC-DeNovo.raw,368,L(+42.01)FLPC(+57.02)YGR,4136,8,59,59,8,356.5193,3,11.88,-,4.3717E5,1066.5269,8.7,Acetylation (N-term); Carbamidomethylation,38 43 93 92 93 59 39 18,L(+42.01)FLPC(+57.02)YGR,CID
6,NC-DeNovo.raw,5645,LTSHK,23971,5,59,59,5,585.3383,1,48.65,-,1.1085E6,584.3282,4.8,,44 39 76 67 69,LTSHK,CID
6,NC-DeNovo.raw,6845,VKTMR,3799,5,59,59,5,634.3672,1,11.49,-,1.4546E7,633.3632,-5.2,,46 43 60 63 82,VKTMR,CID
6,NC-DeNovo.raw,-,LPMTR,3804,5,59,59,5,617.3396,1,11.44,-,0,616.3367,-7.1,,83 66 43 46 57,LPMTR,CID
6,NC-DeNovo.raw,836,L(+42.01)LTTPR,9841,6,59,59,6,371.7279,2,25.82,-,5.8932E5,741.4385,3.7,Acetylation (N-term),32 44 32 86 75 83,L(+42.01)LTTPR,CID
6,NC-DeNovo.raw,-,EQLAGPPAK,4054,9,59,59,9,910.4961,1,11.84,-,0,909.4919,-3.4,,95 71 96 85 49 63 15 23 31,EQLAGPPAK,CID
6,NC-DeNovo.raw,8039,C(+57.02)(+42.01)MENDNNVGC(+57.02)K,7604,11,59,59,11,691.7587,2,18.27,-,5.181E4,1381.5061,-2.4,Carbamidomethylation; Acetylation (N-term),55 28 49 43 24 52 76 89 65 82 79,C(+57.02)(+42.01)MENDNNVGC(+57.02)K,CID
6,NC-DeNovo.raw,4369,DKQLAHGKK,6259,9,58,58,9,512.7964,2,15.49,-,3.0665E5,1023.5825,-4.0,,43 43 88 98 97 50 25 49 37,DKQLAHGKK,CID
6,NC-DeNovo.raw,-,V(+42.01)YFTK,4064,5,58,58,5,350.1858,2,11.85,-,0,698.3639,-9.7,Acetylation (N-term),54 52 46 56 83,V(+42.01)YFTK,CID
6,NC-DeNovo.raw,2958,RKVGVPAR,3488,8,58,58,8,441.7873,2,11.06,-,1.7028E6,881.5558,4.7,,18 35 41 79 93 92 90 20,RKVGVPAR,CID
6,NC-DeNovo.raw,-,M(+15.99)NNGGM(+15.99)AGSHGC(+57.02)R,7604,13,58,58,13,690.7604,2,18.19,-,0,1379.5129,-4.9,Oxidation (M); Carbamidomethylation,30 33 45 54 46 60 37 84 88 92 83 90 18,M(+15.99)NNGGM(+15.99)AGSHGC(+57.02)R,CID
6,NC-DeNovo.raw,3214,AAKPYAKR,4918,8,58,58,8,452.7753,2,12.54,-,8.8336E5,903.5290,7.7,,34 67 73 93 77 38 52 33,AAKPYAKR,CID
6,NC-DeNovo.raw,3205,LRPLNYK,10440,7,58,58,7,452.2746,2,25.48,-,7.2628E5,902.5338,1.1,,63 60 90 90 35 39 30,LRPLNYK,CID
6,NC-DeNovo.raw,123,RNFHK,4764,5,58,58,5,351.1967,2,13.02,-,6.3789E4,700.3769,2.8,,28 35 80 67 80,RNFHK,CID
6,NC-DeNovo.raw,4305,ELQLAPPQK,9149,9,58,58,9,512.2952,2,25.54,-,3.0604E5,1022.5760,-0.2,,61 46 85 98 95 35 24 48 31,ELQLAPPQK,CID
6,NC-DeNovo.raw,4503,VGLPLNNRR,3736,9,58,58,9,519.8084,2,11.41,-,4.3751E5,1037.6094,-6.8,,81 31 65 96 97 35 34 43 40,VGLPLNNRR,CID
6,NC-DeNovo.raw,12308,DNGTLLNLYALKPPDVR,21124,17,58,58,17,950.0184,2,40.82,-,2.5263E7,1898.0261,-2.0,,19 18 31 62 95 95 90 95 87 17 21 21 32 56 94 85 66,DNGTLLNLYALKPPDVR,CID
6,NC-DeNovo.raw,-,C(+57.02)HLAFGGGNNDSK,7407,13,58,58,13,688.8050,2,17.88,-,0,1375.5938,1.2,Carbamidomethylation,20 21 32 95 96 90 84 27 41 69 46 52 76,C(+57.02)HLAFGGGNNDSK,CID
6,NC-DeNovo.raw,-,QLEQAR,4443,6,58,58,6,372.7029,2,12.46,-,0,743.3926,-1.8,,30 45 93 40 57 79,QLEQAR,CID
6,NC-DeNovo.raw,60,MKRHK,10896,5,58,58,5,350.2066,2,23.04,-,9.9185E4,698.4010,-3.4,,74 60 45 55 52,MKRHK,CID
6,NC-DeNovo.raw,-,LLMEK,3775,5,58,58,5,633.3630,1,11.39,-,0,632.3568,-1.6,,90 89 37 62 10,LLMEK,CID
6,NC-DeNovo.raw,485,C(+57.02)(+42.01)NGPPLSYK,4034,9,57,57,9,359.8377,3,11.90,-,5.8921E6,1076.4961,-4.4,Carbamidomethylation; Acetylation (N-term),33 33 20 46 90 96 91 88 21,C(+57.02)(+42.01)NGPPLSYK,CID
6,NC-DeNovo.raw,3214,AAKPPPAPR,4703,9,57,57,9,452.7753,2,12.54,-,8.8336E5,903.5290,7.7,,34 69 74 94 71 44 38 51 40,AAKPPPAPR,CID
6,NC-DeNovo.raw,-,AAQPLSYK,5708,8,57,57,8,439.2427,2,14.80,-,0,876.4705,0.5,,31 35 34 92 97 63 74 31,AAQPLSYK,CID
6,NC-DeNovo.raw,1335,RARTHK,13471,6,57,57,6,384.7362,2,28.97,-,3.5718E4,767.4514,8.3,,14 37 39 93 80 79,RARTHK,CID
6,NC-DeNovo.raw,847,K(+42.01)PESLK,9198,6,57,57,6,372.2197,2,20.66,-,1.9346E4,742.4225,3.3,Acetylation (N-term),56 46 72 45 54 68,K(+42.01)PESLK,CID
6,NC-DeNovo.raw,3206,VGLPAKYR,367,8,57,57,8,452.2748,2,1.31,-,6.4201E4,902.5338,1.5,,89 45 77 93 40 34 49 29,VGLPAKYR,CID
6,NC-DeNovo.raw,65,MHKRK,6450,5,57,57,5,350.2067,2,16.40,-,6.3868E4,698.4010,-3.0,,80 69 61 28 44,MHKRK,CID
6,NC-DeNovo.raw,-,GPKVAEK,5630,7,57,57,7,364.7202,2,14.68,-,0,727.4228,4.2,,21 39 65 90 61 82 38,GPKVAEK,CID
6,NC-DeNovo.raw,865,ALLYHK,5601,6,57,57,6,372.7209,2,14.21,-,3.1369E5,743.4330,-7.8,,28 50 50 76 62 73,ALLYHK,CID
6,NC-DeNovo.raw,4369,NKELAPPQK,6598,9,57,57,9,512.7964,2,15.49,-,3.0665E5,1023.5712,7.0,,39 49 98 98 95 35 23 45 29,NKELAPPQK,CID
6,NC-DeNovo.raw,845,K(+42.01)AEPTR,5644,6,57,57,6,372.2025,2,14.67,-,3.4357E4,742.3973,-9.2,Acetylation (N-term),43 38 65 50 63 80,K(+42.01)AEPTR,CID
6,NC-DeNovo.raw,-,E(+42.01)LLAPPQK,4022,8,56,56,8,469.2739,2,11.78,-,0,936.5280,5.5,Acetylation (N-term),49 56 76 85 56 40 57 31,E(+42.01)LLAPPQK,CID
6,NC-DeNovo.raw,60,MHKRK,11259,5,56,56,5,350.2066,2,23.04,-,9.9185E4,698.4010,-3.4,,85 74 46 34 41,MHKRK,CID
6,NC-DeNovo.raw,-,VGLPAKYR,5208,8,56,56,8,452.2739,2,14.01,-,0,902.5338,-0.6,,87 44 76 93 39 33 49 29,VGLPAKYR,CID
6,NC-DeNovo.raw,865,VGKSTPR,5404,7,56,56,7,372.7209,2,14.21,-,3.1369E5,743.4290,-2.3,,21 15 38 82 87 73 77,VGKSTPR,CID
6,NC-DeNovo.raw,4328,W(+42.01)PQWNQLWAHK,7235,11,56,56,11,512.5936,3,16.82,-,2.7091E7,1534.7468,8.0,Acetylation (N-term),28 10 14 14 49 81 94 91 79 83 77,W(+42.01)PQWNQLWAHK,CID
6,NC-DeNovo.raw,-,LRPLNYK,7852,7,56,56,7,452.2751,2,18.59,-,0,902.5338,2.1,,61 56 88 87 33 37 29,LRPLNYK,CID
6,NC-DeNovo.raw,3214,AAKPARYK,4647,8,56,56,8,452.7753,2,12.54,-,8.8336E5,903.5290,7.7,,31 68 71 84 38 31 68 56,AAKPARYK,CID
6,NC-DeNovo.raw,4380,GSTKLAGKHK,5420,10,56,56,10,513.8081,2,14.26,-,4.5503E5,1025.5981,3.4,,22 34 44 96 97 92 27 56 62 26,GSTKLAGKHK,CID
6,NC-DeNovo.raw,-,ALLVDHK,10899,7,56,56,7,398.2385,2,23.86,-,0,794.4650,-3.2,,19 29 43 43 93 82 82,ALLVDHK,CID
6,NC-DeNovo.raw,410,ALLGDPK,5607,7,56,56,7,357.2140,2,14.49,-,3.9968E6,712.4119,2.2,,28 54 74 79 76 49 30,ALLGDPK,CID
6,NC-DeNovo.raw,5006,T(+42.01)VQALAAGPPK,4187,11,56,56,11,547.8121,2,12.23,-,2.2357E6,1093.6130,-3.0,Acetylation (N-term),40 44 85 89 93 96 54 14 34 34 29,T(+42.01)VQALAAGPPK,CID
6,NC-DeNovo.raw,1687,R(+42.01)VPVM(+15.99)K,5125,6,56,56,6,394.2313,2,13.89,-,3.5237E4,786.4422,7.5,Acetylation (N-term); Oxidation (M),24 27 29 89 79 85,R(+42.01)VPVM(+15.99)K,CID
6,NC-DeNovo.raw,4669,A(+42.01)AWLNAPLR,4254,9,56,56,9,527.2994,2,12.19,-,5.8492E4,1052.5767,7.2,Acetylation (N-term),15 17 31 92 93 95 56 77 25,A(+42.01)AWLNAPLR,CID
6,NC-DeNovo.raw,2722,EYLLLSK,8700,7,56,56,7,433.2563,2,19.97,-,2.7617E4,864.4957,2.7,,57 32 41 66 90 71 31,EYLLLSK,CID
6,NC-DeNovo.raw,-,GPKVAEK,4518,7,55,55,7,364.7199,2,12.59,-,0,727.4228,3.5,,21 37 62 88 60 82 38,GPKVAEK,CID
6,NC-DeNovo.raw,-,D(+42.01)HWSSYK,4072,7,55,55,7,482.7115,2,11.86,-,0,963.4086,-0.3,Acetylation (N-term),40 28 30 90 93 80 27,D(+42.01)HWSSYK,CID
6,NC-DeNovo.raw,4758,KRQLAGHQK,6838,9,55,55,9,533.3180,2,17.10,-,8.9632E5,1064.6204,1.0,,69 62 87 97 87 12 22 37 26,KRQLAGHQK,CID
6,NC-DeNovo.raw,843,C(+57.02)(+42.01)PLRR,4475,5,55,55,5,372.2010,2,12.50,-,1.2888E6,742.3908,-4.5,Carbamidomethylation; Acetylation (N-term),90 66 54 30 35,C(+57.02)(+42.01)PLRR,CID
6,NC-DeNovo.raw,4393,LQWLLTPR,6829,8,55,55,8,513.8094,2,14.83,-,8.8417E5,1025.6022,2.1,,43 39 74 55 75 60 52 41,LQWLLTPR,CID
6,NC-DeNovo.raw,-,VSGNK,5287,5,55,55,5,504.2796,1,14.13,-,0,503.2704,4.0,,82 75 18 29 71,VSGNK,CID
6,NC-DeNovo.raw,65,MHKKR,6420,5,55,55,5,350.2067,2,16.40,-,6.3868E4,698.4010,-3.0,,82 77 55 27 32,MHKKR,CID
6,NC-DeNovo.raw,4125,TYPLQTGVK,4033,9,55,55,9,503.7806,2,11.88,-,5.1105E5,1005.5495,-2.9,,41 48 72 93 45 29 16 74 74,TYPLQTGVK,CID
6,NC-DeNovo.raw,-,VAVPFKSR,5589,8,55,55,8,452.2745,2,14.61,-,0,902.5338,0.9,,83 52 61 93 35 33 49 29,VAVPFKSR,CID
6,NC-DeNovo.raw,-,PLNR,3869,4,55,55,4,499.2963,1,11.54,-,0,498.2914,-4.8,,31 41 61 85,PLNR,CID
6,NC-DeNovo.raw,60,MHKRK,11123,5,55,55,5,350.2066,2,23.04,-,9.9185E4,698.4010,-3.4,,86 69 45 33 40,MHKRK,CID
6,NC-DeNovo.raw,1581,MWPLLVFHK,7185,9,54,54,9,390.8885,3,17.65,-,1.9236E5,1169.6418,1.7,,44 46 22 39 44 43 82 85 85,MWPLLVFHK,CID
6,NC-DeNovo.raw,1581,R(+42.01)NWKLFHK,7295,8,54,54,8,390.8885,3,17.65,-,1.9236E5,1169.6458,-1.6,Acetylation (N-term),38 31 29 30 44 86 90 89,R(+42.01)NWKLFHK,CID
6,NC-DeNovo.raw,4365,C(+57.02)M(+15.99)ESPRTK,10040,8,54,54,8,512.7314,2,19.45,-,2.9894E5,1023.4478,0.6,Carbamidomethylation; Oxidation (M),63 69 98 38 24 23 61 60,C(+57.02)M(+15.99)ESPRTK,CID
6,NC-DeNovo.raw,4279,C(+57.02)DMDLVNR,3139,8,54,54,8,511.7225,2,9.93,-,1.4381E5,1021.4321,-1.5,Carbamidomethylation,18 21 23 45 92 91 71 74,C(+57.02)DMDLVNR,CID
6,NC-DeNovo.raw,12244,DNGTLLNLYSLLPPSVR,21466,17,54,54,17,936.5143,2,42.28,-,9.5536E6,1871.0151,-0.6,,14 13 22 54 94 94 86 94 90 79 32 37 10 19 50 80 59,DNGTLLNLYSLLPPSVR,CID
6,NC-DeNovo.raw,849,L(+42.01)QLEAK,4596,6,54,54,6,372.2198,2,13.03,-,8.9635E5,742.4225,3.4,Acetylation (N-term),34 37 77 74 51 52,L(+42.01)QLEAK,CID
6,NC-DeNovo.raw,4709,LPSPGQSTM(+15.99)K,4021,10,54,54,10,531.2673,2,11.90,-,4.3833E6,1060.5222,-2.0,Oxidation (M),25 14 44 96 73 71 72 48 51 49,LPSPGQSTM(+15.99)K,CID
6,NC-DeNovo.raw,368,AKTVNEDYK,4120,9,54,54,9,356.5193,3,11.88,-,4.3717E5,1066.5295,6.2,,48 39 28 30 40 97 55 69 81,AKTVNEDYK,CID
6,NC-DeNovo.raw,9700,D(+42.01)DGM(+15.99)FAFAEPC(+57.02)SK,7512,13,54,54,13,766.8090,2,18.25,-,3.1082E6,1531.5959,4.9,Acetylation (N-term); Oxidation (M); Carbamidomethylation,22 25 15 39 94 94 92 33 52 27 57 70 80,D(+42.01)DGM(+15.99)FAFAEPC(+57.02)SK,CID
6,NC-DeNovo.raw,3269,MLKKKHK,6656,7,54,54,7,456.7924,2,15.29,-,2.8409E5,911.5739,-3.9,,55 72 66 54 49 45 34,MLKKKHK,CID
6,NC-DeNovo.raw,-,VDDR,5561,4,54,54,4,504.2441,1,14.57,-,0,503.2339,5.7,,74 76 55 10,VDDR,CID
6,NC-DeNovo.raw,1679,RHTVM(+15.99)K,5105,6,54,54,6,394.2126,2,13.69,-,1.5174E5,786.4171,-8.0,Oxidation (M),18 37 37 80 72 79,RHTVM(+15.99)K,CID
6,NC-DeNovo.raw,4773,RFFNRGDR,4070,8,53,53,8,534.2764,2,11.88,-,3.012E5,1066.5420,-3.5,,11 17 17 74 81 73 88 69,RFFNRGDR,CID
6,NC-DeNovo.raw,3849,A(+42.01)SRKLSHK,4122,8,53,53,8,484.7879,2,11.93,-,5.7205E5,967.5563,5.2,Acetylation (N-term),33 29 22 44 91 95 89 25,A(+42.01)SRKLSHK,CID
6,NC-DeNovo.raw,-,R(+42.01)DPAFGGNDNSK,7480,12,53,53,12,660.2970,2,18.00,-,0,1318.5901,-8.1,Acetylation (N-term),21 23 18 94 94 86 78 71 37 33 37 50,R(+42.01)DPAFGGNDNSK,CID
6,NC-DeNovo.raw,-,HSSAFETTAR,6951,10,53,53,10,553.7659,2,17.15,-,0,1105.5151,2.0,,20 43 59 93 81 60 30 46 52 49,HSSAFETTAR,CID
6,NC-DeNovo.raw,4305,AWLLANAHK,9371,9,53,53,9,512.2952,2,25.54,-,3.0604E5,1022.5661,9.5,,14 14 21 90 90 86 41 62 61,AWLLANAHK,CID
6,NC-DeNovo.raw,3543,GKAM(+15.99)TGETK,4038,9,53,53,9,469.7321,2,11.78,-,4.2258E5,937.4539,-4.6,Oxidation (M),45 46 32 49 82 56 59 51 57,GKAM(+15.99)TGETK,CID
6,NC-DeNovo.raw,4045,TLGRALTHK,6011,9,53,53,9,498.8043,2,15.02,-,6.3247E5,995.5876,6.5,,49 57 28 45 92 60 48 72 27,TLGRALTHK,CID
6,NC-DeNovo.raw,5646,LSTHK,12498,5,53,53,5,585.3386,1,27.33,-,2.5576E5,584.3282,5.3,,31 28 75 63 69,LSTHK,CID
6,NC-DeNovo.raw,847,K(+42.01)PELSK,9191,6,53,53,6,372.2197,2,20.66,-,1.9346E4,742.4225,3.3,Acetylation (N-term),44 34 67 54 46 71,K(+42.01)PELSK,CID
6,NC-DeNovo.raw,-,FGKDVR,4723,6,53,53,6,361.2047,2,13.04,-,0,720.3918,4.1,,20 15 28 84 82 90,FGKDVR,CID
6,NC-DeNovo.raw,5646,LSTHK,12296,5,53,53,5,585.3386,1,27.33,-,2.5576E5,584.3282,5.3,,28 26 76 67 68,LSTHK,CID
6,NC-DeNovo.raw,1235,LLAPQPK,3113,7,53,53,7,383.7431,2,10.33,-,1.3388E5,765.4749,-4.3,,93 93 89 24 27 18 28,LLAPQPK,CID
6,NC-DeNovo.raw,4369,DKQLAKHGK,5728,9,53,53,9,512.7964,2,15.49,-,3.0665E5,1023.5825,-4.0,,31 31 76 98 95 50 39 25 29,DKQLAKHGK,CID
6,NC-DeNovo.raw,-,QARQLSHK,4099,8,53,53,8,484.2754,2,11.90,-,0,966.5359,0.4,,37 39 27 34 80 94 88 22,QARQLSHK,CID
6,NC-DeNovo.raw,-,L(+42.01)LVLNYK,3836,7,52,52,7,904.5428,1,11.49,-,0,903.5429,-8.1,Acetylation (N-term),85 88 26 33 59 63 11,L(+42.01)LVLNYK,CID
6,NC-DeNovo.raw,-,TVDHK,8046,5,52,52,5,599.3170,1,18.90,-,0,598.3074,3.8,,34 44 70 55 57,TVDHK,CID
6,NC-DeNovo.raw,4369,DKQLAHGKK,6510,9,52,52,9,512.7964,2,15.49,-,3.0665E5,1023.5825,-4.0,,33 33 82 98 95 41 19 39 29,DKQLAHGKK,CID
6,NC-DeNovo.raw,-,VAVPAKYR,6086,8,52,52,8,452.2751,2,15.53,-,0,902.5338,2.1,,79 48 56 93 35 32 48 28,VAVPAKYR,CID
6,NC-DeNovo.raw,613,R(+42.01)WLGR,4539,5,52,52,5,365.2120,2,12.43,-,1.6699E6,728.4081,1.7,Acetylation (N-term),22 25 81 61 71,R(+42.01)WLGR,CID
6,NC-DeNovo.raw,2720,M(+42.01)MQEER,36821,6,52,52,6,433.1775,2,69.43,-,6.8564E4,864.3470,-7.7,Acetylation (N-term),38 46 39 59 67 63,M(+42.01)MQEER,CID
6,NC-DeNovo.raw,-,MTFEVTSAAK,3333,10,52,52,10,362.1804,3,10.64,-,0,1083.5271,-7.2,,25 13 13 72 79 55 62 96 87 19,MTFEVTSAAK,CID
6,NC-DeNovo.raw,-,VAVPFKSR,5527,8,52,52,8,452.2748,2,14.51,-,0,902.5338,1.4,,79 49 57 92 33 31 46 27,VAVPFKSR,CID
6,NC-DeNovo.raw,1325,Q(+42.01)LVAPAK,5865,7,52,52,7,384.7357,2,15.03,-,1.8559E4,767.4541,3.7,Acetylation (N-term),40 49 79 76 45 34 38,Q(+42.01)LVAPAK,CID
6,NC-DeNovo.raw,892,RDHELASYK,3339,9,52,52,9,373.5257,3,10.67,-,1.4339E6,1117.5515,3.4,,24 37 85 97 92 54 26 35 16,RDHELASYK,CID
6,NC-DeNovo.raw,-,F(+42.01)VTMNNGR,3824,8,52,52,8,490.7378,2,11.47,-,0,979.4545,6.6,Acetylation (N-term),32 35 43 46 79 88 75 15,F(+42.01)VTMNNGR,CID
6,NC-DeNovo.raw,843,C(+57.02)(+42.01)PLRR,4486,5,52,52,5,372.2010,2,12.50,-,1.2888E6,742.3908,-4.5,Carbamidomethylation; Acetylation (N-term),88 61 50 27 32,C(+57.02)(+42.01)PLRR,CID
6,NC-DeNovo.raw,-,HQFAFC(+57.02)MAPR,7743,10,52,52,10,632.7877,2,18.42,-,0,1263.5642,-2.6,Carbamidomethylation,34 39 95 96 94 40 27 39 33 18,HQFAFC(+57.02)MAPR,CID
6,NC-DeNovo.raw,-,ELQLAQPPK,6510,9,51,51,9,512.2950,2,16.38,-,0,1022.5760,-0.4,,55 39 79 97 94 24 19 32 25,ELQLAQPPK,CID
6,NC-DeNovo.raw,-,HTALALLGATR,5497,11,51,51,11,562.3369,2,14.46,-,0,1122.6509,7.5,,21 35 44 95 43 44 50 66 55 57 52,HTALALLGATR,CID
6,NC-DeNovo.raw,-,HHHM(+15.99)AGTFK,4166,9,51,51,9,361.1697,3,12.01,-,0,1080.4924,-4.8,Oxidation (M),45 43 51 56 78 74 44 56 14,HHHM(+15.99)AGTFK,CID
6,NC-DeNovo.raw,4958,VYC(+57.02)LAATC(+57.02)K,4052,9,51,51,9,543.2582,2,11.88,-,1.179E6,1084.5046,-2.5,Carbamidomethylation,85 57 55 91 72 21 21 37 21,VYC(+57.02)LAATC(+57.02)K,CID
6,NC-DeNovo.raw,-,D(+42.01)NPLGM(+15.99)SK,3843,8,51,51,8,460.2153,2,11.50,-,0,918.4117,4.7,Acetylation (N-term); Oxidation (M),52 55 86 83 22 37 45 30,D(+42.01)NPLGM(+15.99)SK,CID
6,NC-DeNovo.raw,1656,M(+15.99)VAGHVR,4153,7,51,51,7,393.2057,2,12.09,-,2.9218E4,784.4014,-5.6,Oxidation (M),63 69 82 31 45 38 30,M(+15.99)VAGHVR,CID
6,NC-DeNovo.raw,2999,NRTATPVK,3770,8,51,51,8,443.7607,2,11.46,-,1.353E5,885.5032,4.2,,27 22 33 44 88 89 86 20,NRTATPVK,CID
6,NC-DeNovo.raw,836,AAPKLDK,12939,7,51,51,7,371.7279,2,25.82,-,5.8932E5,741.4384,3.8,,34 38 33 46 91 79 37,AAPKLDK,CID
6,NC-DeNovo.raw,5363,LSSHK,20018,5,51,51,5,571.3221,1,41.38,-,9.0148E5,570.3126,4.0,,29 26 69 62 69,LSSHK,CID
6,NC-DeNovo.raw,3543,NTSTTGTTR,4022,9,51,51,9,469.7321,2,11.78,-,4.2258E5,937.4465,3.3,,51 31 21 57 74 67 49 66 43,NTSTTGTTR,CID
6,NC-DeNovo.raw,-,MRDSGYPK,3892,8,51,51,8,477.2310,2,11.58,-,0,952.4436,4.1,,40 34 84 39 21 56 55 77,MRDSGYPK,CID
6,NC-DeNovo.raw,60,MHKRK,11562,5,51,51,5,350.2066,2,23.04,-,9.9185E4,698.4010,-3.4,,87 66 34 25 41,MHKRK,CID
6,NC-DeNovo.raw,6668,VC(+57.02)PALQPVLEK,16665,11,51,51,11,627.3488,2,35.92,-,9.556E6,1252.6848,-1.4,Carbamidomethylation,30 33 35 50 89 31 33 48 97 95 19,VC(+57.02)PALQPVLEK,CID
6,NC-DeNovo.raw,6767,V(+42.01)VMDK,10091,5,51,51,5,633.3226,1,22.47,-,1.6381E6,632.3204,-7.9,Acetylation (N-term),45 45 56 54 52,V(+42.01)VMDK,CID
6,NC-DeNovo.raw,3214,AAKPARYK,5386,8,51,51,8,452.7753,2,12.54,-,8.8336E5,903.5290,7.7,,38 65 67 85 26 40 45 39,AAKPARYK,CID
6,NC-DeNovo.raw,-,Q(+42.01)FKVGDR,5822,7,51,51,7,446.2387,2,15.03,-,0,890.4610,2.1,Acetylation (N-term),33 46 35 76 32 55 75,Q(+42.01)FKVGDR,CID
6,NC-DeNovo.raw,-,LPKLVVYK,3813,8,51,51,8,480.3182,2,11.45,-,0,958.6215,0.4,,29 15 49 57 56 74 85 39,LPKLVVYK,CID
6,NC-DeNovo.raw,5580,VVTHK,2457,5,51,51,5,583.3573,1,8.92,-,3.3163E4,582.3489,1.9,,55 57 72 57 11,VVTHK,CID
6,NC-DeNovo.raw,4380,GSTKLAGKHK,5418,10,50,50,10,513.8081,2,14.26,-,4.5503E5,1025.5981,3.4,,12 29 34 87 94 79 25 55 65 24,GSTKLAGKHK,CID
6,NC-DeNovo.raw,19,MPKPAR,13052,6,50,50,6,350.2045,2,28.97,-,1.9115E4,698.3897,6.9,,82 41 40 32 55 50,MPKPAR,CID
6,NC-DeNovo.raw,12308,DNASLLNLYNGKPKPVR,19336,17,50,50,17,950.0184,2,40.82,-,2.5263E7,1898.0374,-7.9,,18 18 16 19 56 95 92 96 92 72 10 31 15 38 46 79 63,DNASLLNLYNGKPKPVR,CID
6,NC-DeNovo.raw,-,Q(+42.01)HGYVAMVQHK,34445,11,50,50,11,1339.6626,1,65.54,-,0,1338.6504,3.7,Acetylation (N-term),7 7 5 16 83 82 82 81 80 60 55,Q(+42.01)HGYVAMVQHK,CID
6,NC-DeNovo.raw,485,RNM(+15.99)HAGM(+15.99)TK,4166,9,50,50,9,359.8377,3,11.90,-,5.8921E6,1076.4856,5.4,Oxidation (M),19 31 30 33 80 79 44 65 70,RNM(+15.99)HAGM(+15.99)TK,CID
6,NC-DeNovo.raw,-,VSVQLAGHKK,6831,10,50,50,10,533.8192,2,16.96,-,0,1065.6294,-5.3,,26 33 31 73 95 87 22 52 59 26,VSVQLAGHKK,CID
6,NC-DeNovo.raw,843,Q(+42.01)QRNR,4406,5,50,50,5,372.2010,2,12.50,-,1.2888E6,742.3834,5.5,Acetylation (N-term),50 49 49 39 63,Q(+42.01)QRNR,CID
6,NC-DeNovo.raw,4305,NKNRRHAK,10070,8,50,50,8,512.2952,2,25.54,-,3.0604E5,1022.5845,-8.6,,79 94 34 25 24 35 57 51,NKNRRHAK,CID
6,NC-DeNovo.raw,-,C(+57.02)DALPYK,3791,7,50,50,7,433.7041,2,11.42,-,0,865.4003,-7.8,Carbamidomethylation,30 34 31 71 82 70 31,C(+57.02)DALPYK,CID
6,NC-DeNovo.raw,836,T(+42.01)LLPTR,9898,6,50,50,6,371.7279,2,25.82,-,5.8932E5,741.4385,3.7,Acetylation (N-term),35 48 50 41 56 69,T(+42.01)LLPTR,CID
6,NC-DeNovo.raw,3843,LSHK,4206,4,50,50,4,484.2863,1,12.14,-,2.0528E5,483.2805,-3.0,,74 63 52 10,LSHK,CID
6,NC-DeNovo.raw,4365,C(+57.02)M(+15.99)ELDGRK,10837,8,50,50,8,512.7314,2,19.45,-,2.9894E5,1023.4478,0.6,Carbamidomethylation; Oxidation (M),69 76 98 41 29 13 31 40,C(+57.02)M(+15.99)ELDGRK,CID
6,NC-DeNovo.raw,1350,K(+42.01)LPLKK,4308,6,50,50,6,384.7705,2,12.07,-,3.3289E5,767.5269,-0.4,Acetylation (N-term),60 77 30 49 41 41,K(+42.01)LPLKK,CID
6,NC-DeNovo.raw,60,MRKHK,10902,5,50,50,5,350.2066,2,23.04,-,9.9185E4,698.4010,-3.4,,74 37 40 49 48,MRKHK,CID
6,NC-DeNovo.raw,2728,R(+42.01)PLLLGR,17026,7,50,50,7,433.7797,2,36.52,-,2.0525E3,865.5497,-5.7,Acetylation (N-term),80 34 54 56 66 33 23,R(+42.01)PLLLGR,CID
6,NC-DeNovo.raw,836,T(+42.01)LLPTR,11713,6,50,50,6,371.7279,2,25.82,-,5.8932E5,741.4385,3.7,Acetylation (N-term),44 48 45 44 55 62,T(+42.01)LLPTR,CID
